,_id,img_file
0,2313,mappa_percorso_2313.png
1,1569,mappa_percorso_1569.png
2,2591,mappa_percorso_2591.png
3,3801,mappa_percorso_3801.png
4,5758,mappa_percorso_5758.png
5,5659,mappa_percorso_5659.png
6,5769,mappa_percorso_5769.png
7,3585,mappa_percorso_3585.png
8,1887,mappa_percorso_1887.png
9,2290,mappa_percorso_2290.png
10,2305,mappa_percorso_2305.png
11,1927,mappa_percorso_1927.png
12,2423,mappa_percorso_2423.png
13,2672,mappa_percorso_2672.png
14,1913,mappa_percorso_1913.png
15,3178,mappa_percorso_3178.png
16,3190,mappa_percorso_3190.png
17,3181,mappa_percorso_3181.png
18,4194,mappa_percorso_4194.png
19,2358,mappa_percorso_2358.png
20,3317,mappa_percorso_3317.png
21,3837,mappa_percorso_3837.png
22,76,mappa_percorso_76.png
23,463,mappa_percorso_463.png
24,2935,mappa_percorso_2935.png
25,4543,mappa_percorso_4543.png
26,2117,mappa_percorso_2117.png
27,1733,mappa_percorso_1733.png
28,1678,mappa_percorso_1678.png
29,4080,mappa_percorso_4080.png
30,4076,mappa_percorso_4076.png
31,4077,mappa_percorso_4077.png
32,2719,mappa_percorso_2719.png
33,1761,mappa_percorso_1761.png
34,1760,mappa_percorso_1760.png
35,2505,mappa_percorso_2505.png
36,597,mappa_percorso_597.png
37,599,mappa_percorso_599.png
38,2779,mappa_percorso_2779.png
39,2802,mappa_percorso_2802.png
40,6108,mappa_percorso_6108.png
41,1686,mappa_percorso_1686.png
42,5604,mappa_percorso_5604.png
43,2497,mappa_percorso_2497.png
44,1043,mappa_percorso_1043.png
45,757,mappa_percorso_757.png
46,1023,mappa_percorso_1023.png
47,1555,mappa_percorso_1555.png
48,2891,mappa_percorso_2891.png
49,90,mappa_percorso_90.png
50,2362,mappa_percorso_2362.png
51,1912,mappa_percorso_1912.png
52,3182,mappa_percorso_3182.png
53,3363,mappa_percorso_3363.png
54,1035,mappa_percorso_1035.png
55,1726,mappa_percorso_1726.png
56,1549,mappa_percorso_1549.png
57,1548,mappa_percorso_1548.png
58,3800,mappa_percorso_3800.png
59,1931,mappa_percorso_1931.png
60,3799,mappa_percorso_3799.png
61,2396,mappa_percorso_2396.png
62,1039,mappa_percorso_1039.png
63,1051,mappa_percorso_1051.png
64,1040,mappa_percorso_1040.png
65,5483,mappa_percorso_5483.png
66,249,mappa_percorso_249.png
67,2496,mappa_percorso_2496.png
68,2495,mappa_percorso_2495.png
69,2942,mappa_percorso_2942.png
70,1857,mappa_percorso_1857.png
71,1863,mappa_percorso_1863.png
72,1909,mappa_percorso_1909.png
73,1045,mappa_percorso_1045.png
74,430,mappa_percorso_430.png
75,2506,mappa_percorso_2506.png
76,435,mappa_percorso_435.png
77,431,mappa_percorso_431.png
78,1759,mappa_percorso_1759.png
79,432,mappa_percorso_432.png
80,434,mappa_percorso_434.png
81,433,mappa_percorso_433.png
82,1757,mappa_percorso_1757.png
83,1695,mappa_percorso_1695.png
84,1693,mappa_percorso_1693.png
85,1758,mappa_percorso_1758.png
86,6176,mappa_percorso_6176.png
87,1047,mappa_percorso_1047.png
88,3052,mappa_percorso_3052.png
89,3179,mappa_percorso_3179.png
90,2353,mappa_percorso_2353.png
91,459,mappa_percorso_459.png
92,3351,mappa_percorso_3351.png
93,3943,mappa_percorso_3943.png
94,1735,mappa_percorso_1735.png
95,1709,mappa_percorso_1709.png
96,539,mappa_percorso_539.png
97,2776,mappa_percorso_2776.png
98,2777,mappa_percorso_2777.png
99,1126,mappa_percorso_1126.png
100,2494,mappa_percorso_2494.png
101,2493,mappa_percorso_2493.png
102,4196,mappa_percorso_4196.png
103,2610,mappa_percorso_2610.png
104,1933,mappa_percorso_1933.png
105,1911,mappa_percorso_1911.png
106,1922,mappa_percorso_1922.png
107,2307,mappa_percorso_2307.png
108,2581,mappa_percorso_2581.png
109,1050,mappa_percorso_1050.png
110,1724,mappa_percorso_1724.png
111,4131,mappa_percorso_4131.png
112,4130,mappa_percorso_4130.png
113,3097,mappa_percorso_3097.png
114,1734,mappa_percorso_1734.png
115,392,mappa_percorso_392.png
116,2508,mappa_percorso_2508.png
117,2504,mappa_percorso_2504.png
118,99,mappa_percorso_99.png
119,1469,mappa_percorso_1469.png
120,2758,mappa_percorso_2758.png
121,1788,mappa_percorso_1788.png
122,2337,mappa_percorso_2337.png
123,1573,mappa_percorso_1573.png
124,1046,mappa_percorso_1046.png
125,1921,mappa_percorso_1921.png
126,3072,mappa_percorso_3072.png
127,3315,mappa_percorso_3315.png
128,1631,mappa_percorso_1631.png
129,4221,mappa_percorso_4221.png
130,1732,mappa_percorso_1732.png
131,2134,mappa_percorso_2134.png
132,2933,mappa_percorso_2933.png
133,2576,mappa_percorso_2576.png
134,2580,mappa_percorso_2580.png
135,2577,mappa_percorso_2577.png
136,1041,mappa_percorso_1041.png
137,2321,mappa_percorso_2321.png
138,3931,mappa_percorso_3931.png
139,468,mappa_percorso_468.png
140,1506,mappa_percorso_1506.png
141,1629,mappa_percorso_1629.png
142,460,mappa_percorso_460.png
143,3264,mappa_percorso_3264.png
144,3873,mappa_percorso_3873.png
145,3748,mappa_percorso_3748.png
146,3797,mappa_percorso_3797.png
147,3276,mappa_percorso_3276.png
148,3742,mappa_percorso_3742.png
149,283,mappa_percorso_283.png
150,3739,mappa_percorso_3739.png
151,3256,mappa_percorso_3256.png
152,467,mappa_percorso_467.png
153,2145,mappa_percorso_2145.png
154,5056,mappa_percorso_5056.png
155,2223,mappa_percorso_2223.png
156,2225,mappa_percorso_2225.png
157,1269,mappa_percorso_1269.png
158,3598,mappa_percorso_3598.png
159,3471,mappa_percorso_3471.png
160,3802,mappa_percorso_3802.png
161,1696,mappa_percorso_1696.png
162,490,mappa_percorso_490.png
163,216,mappa_percorso_216.png
164,208,mappa_percorso_208.png
165,3116,mappa_percorso_3116.png
166,3117,mappa_percorso_3117.png
167,1964,mappa_percorso_1964.png
168,1966,mappa_percorso_1966.png
169,5015,mappa_percorso_5015.png
170,195,mappa_percorso_195.png
171,3589,mappa_percorso_3589.png
172,3158,mappa_percorso_3158.png
173,3162,mappa_percorso_3162.png
174,3174,mappa_percorso_3174.png
175,189,mappa_percorso_189.png
176,1150,mappa_percorso_1150.png
177,3191,mappa_percorso_3191.png
178,1369,mappa_percorso_1369.png
179,3637,mappa_percorso_3637.png
180,812,mappa_percorso_812.png
181,3632,mappa_percorso_3632.png
182,213,mappa_percorso_213.png
183,4788,mappa_percorso_4788.png
184,4813,mappa_percorso_4813.png
185,6222,mappa_percorso_6222.png
186,445,mappa_percorso_445.png
187,3214,mappa_percorso_3214.png
188,6143,mappa_percorso_6143.png
189,6146,mappa_percorso_6146.png
190,5962,mappa_percorso_5962.png
191,198,mappa_percorso_198.png
192,4147,mappa_percorso_4147.png
193,197,mappa_percorso_197.png
194,4783,mappa_percorso_4783.png
195,3543,mappa_percorso_3543.png
196,2751,mappa_percorso_2751.png
197,4791,mappa_percorso_4791.png
198,4739,mappa_percorso_4739.png
199,4769,mappa_percorso_4769.png
200,4784,mappa_percorso_4784.png
201,181,mappa_percorso_181.png
202,5823,mappa_percorso_5823.png
203,5833,mappa_percorso_5833.png
204,2690,mappa_percorso_2690.png
205,170,mappa_percorso_170.png
206,171,mappa_percorso_171.png
207,1143,mappa_percorso_1143.png
208,4992,mappa_percorso_4992.png
209,4991,mappa_percorso_4991.png
210,3487,mappa_percorso_3487.png
211,4048,mappa_percorso_4048.png
212,2699,mappa_percorso_2699.png
213,3148,mappa_percorso_3148.png
214,4136,mappa_percorso_4136.png
215,3222,mappa_percorso_3222.png
216,4031,mappa_percorso_4031.png
217,3149,mappa_percorso_3149.png
218,3376,mappa_percorso_3376.png
219,3377,mappa_percorso_3377.png
220,3372,mappa_percorso_3372.png
221,3385,mappa_percorso_3385.png
222,3401,mappa_percorso_3401.png
223,1122,mappa_percorso_1122.png
224,2797,mappa_percorso_2797.png
225,3231,mappa_percorso_3231.png
226,5263,mappa_percorso_5263.png
227,3669,mappa_percorso_3669.png
228,5661,mappa_percorso_5661.png
229,3614,mappa_percorso_3614.png
230,4509,mappa_percorso_4509.png
231,4215,mappa_percorso_4215.png
232,3042,mappa_percorso_3042.png
233,6179,mappa_percorso_6179.png
234,2111,mappa_percorso_2111.png
235,3689,mappa_percorso_3689.png
236,1786,mappa_percorso_1786.png
237,1753,mappa_percorso_1753.png
238,5304,mappa_percorso_5304.png
239,4909,mappa_percorso_4909.png
240,3441,mappa_percorso_3441.png
241,3440,mappa_percorso_3440.png
242,3474,mappa_percorso_3474.png
243,3444,mappa_percorso_3444.png
244,3439,mappa_percorso_3439.png
245,3438,mappa_percorso_3438.png
246,3509,mappa_percorso_3509.png
247,3431,mappa_percorso_3431.png
248,3433,mappa_percorso_3433.png
249,3432,mappa_percorso_3432.png
250,3416,mappa_percorso_3416.png
251,2954,mappa_percorso_2954.png
252,2958,mappa_percorso_2958.png
253,1121,mappa_percorso_1121.png
254,1196,mappa_percorso_1196.png
255,3656,mappa_percorso_3656.png
256,2280,mappa_percorso_2280.png
257,5119,mappa_percorso_5119.png
258,5433,mappa_percorso_5433.png
259,609,mappa_percorso_609.png
260,4579,mappa_percorso_4579.png
261,3670,mappa_percorso_3670.png
262,3489,mappa_percorso_3489.png
263,1915,mappa_percorso_1915.png
264,4450,mappa_percorso_4450.png
265,3674,mappa_percorso_3674.png
266,4157,mappa_percorso_4157.png
267,1639,mappa_percorso_1639.png
268,1439,mappa_percorso_1439.png
269,2593,mappa_percorso_2593.png
270,1902,mappa_percorso_1902.png
271,57,mappa_percorso_57.png
272,58,mappa_percorso_58.png
273,2542,mappa_percorso_2542.png
274,5116,mappa_percorso_5116.png
275,2231,mappa_percorso_2231.png
276,3866,mappa_percorso_3866.png
277,3412,mappa_percorso_3412.png
278,169,mappa_percorso_169.png
279,712,mappa_percorso_712.png
280,4604,mappa_percorso_4604.png
281,4615,mappa_percorso_4615.png
282,4605,mappa_percorso_4605.png
283,3066,mappa_percorso_3066.png
284,3065,mappa_percorso_3065.png
285,4661,mappa_percorso_4661.png
286,3246,mappa_percorso_3246.png
287,4070,mappa_percorso_4070.png
288,5258,mappa_percorso_5258.png
289,5086,mappa_percorso_5086.png
290,3995,mappa_percorso_3995.png
291,5101,mappa_percorso_5101.png
292,5383,mappa_percorso_5383.png
293,3347,mappa_percorso_3347.png
294,3346,mappa_percorso_3346.png
295,3305,mappa_percorso_3305.png
296,3304,mappa_percorso_3304.png
297,3278,mappa_percorso_3278.png
298,6032,mappa_percorso_6032.png
299,2850,mappa_percorso_2850.png
300,4826,mappa_percorso_4826.png
301,1794,mappa_percorso_1794.png
302,1393,mappa_percorso_1393.png
303,3335,mappa_percorso_3335.png
304,1772,mappa_percorso_1772.png
305,3990,mappa_percorso_3990.png
306,383,mappa_percorso_383.png
307,2818,mappa_percorso_2818.png
308,573,mappa_percorso_573.png
309,2917,mappa_percorso_2917.png
310,2628,mappa_percorso_2628.png
311,4971,mappa_percorso_4971.png
312,1754,mappa_percorso_1754.png
313,2918,mappa_percorso_2918.png
314,6125,mappa_percorso_6125.png
315,6126,mappa_percorso_6126.png
316,366,mappa_percorso_366.png
317,4513,mappa_percorso_4513.png
318,3631,mappa_percorso_3631.png
319,2024,mappa_percorso_2024.png
320,3492,mappa_percorso_3492.png
321,3357,mappa_percorso_3357.png
322,3353,mappa_percorso_3353.png
323,3501,mappa_percorso_3501.png
324,639,mappa_percorso_639.png
325,1357,mappa_percorso_1357.png
326,3354,mappa_percorso_3354.png
327,3356,mappa_percorso_3356.png
328,365,mappa_percorso_365.png
329,3563,mappa_percorso_3563.png
330,562,mappa_percorso_562.png
331,3355,mappa_percorso_3355.png
332,849,mappa_percorso_849.png
333,4439,mappa_percorso_4439.png
334,3562,mappa_percorso_3562.png
335,3360,mappa_percorso_3360.png
336,3359,mappa_percorso_3359.png
337,4872,mappa_percorso_4872.png
338,850,mappa_percorso_850.png
339,150,mappa_percorso_150.png
340,145,mappa_percorso_145.png
341,2795,mappa_percorso_2795.png
342,3299,mappa_percorso_3299.png
343,3269,mappa_percorso_3269.png
344,68,mappa_percorso_68.png
345,3349,mappa_percorso_3349.png
346,3167,mappa_percorso_3167.png
347,3687,mappa_percorso_3687.png
348,523,mappa_percorso_523.png
349,3595,mappa_percorso_3595.png
350,4032,mappa_percorso_4032.png
351,4030,mappa_percorso_4030.png
352,646,mappa_percorso_646.png
353,2609,mappa_percorso_2609.png
354,5645,mappa_percorso_5645.png
355,5644,mappa_percorso_5644.png
356,2882,mappa_percorso_2882.png
357,200,mappa_percorso_200.png
358,4636,mappa_percorso_4636.png
359,247,mappa_percorso_247.png
360,2880,mappa_percorso_2880.png
361,3348,mappa_percorso_3348.png
362,4690,mappa_percorso_4690.png
363,4607,mappa_percorso_4607.png
364,1954,mappa_percorso_1954.png
365,6121,mappa_percorso_6121.png
366,1685,mappa_percorso_1685.png
367,2349,mappa_percorso_2349.png
368,3168,mappa_percorso_3168.png
369,2264,mappa_percorso_2264.png
370,3457,mappa_percorso_3457.png
371,695,mappa_percorso_695.png
372,731,mappa_percorso_731.png
373,4600,mappa_percorso_4600.png
374,5040,mappa_percorso_5040.png
375,2455,mappa_percorso_2455.png
376,2080,mappa_percorso_2080.png
377,172,mappa_percorso_172.png
378,1192,mappa_percorso_1192.png
379,4408,mappa_percorso_4408.png
380,5438,mappa_percorso_5438.png
381,5297,mappa_percorso_5297.png
382,701,mappa_percorso_701.png
383,3478,mappa_percorso_3478.png
384,3318,mappa_percorso_3318.png
385,4129,mappa_percorso_4129.png
386,5602,mappa_percorso_5602.png
387,4154,mappa_percorso_4154.png
388,3818,mappa_percorso_3818.png
389,837,mappa_percorso_837.png
390,3323,mappa_percorso_3323.png
391,3322,mappa_percorso_3322.png
392,2909,mappa_percorso_2909.png
393,352,mappa_percorso_352.png
394,2904,mappa_percorso_2904.png
395,3324,mappa_percorso_3324.png
396,2801,mappa_percorso_2801.png
397,3327,mappa_percorso_3327.png
398,4451,mappa_percorso_4451.png
399,2513,mappa_percorso_2513.png
400,240,mappa_percorso_240.png
401,987,mappa_percorso_987.png
402,56,mappa_percorso_56.png
403,241,mappa_percorso_241.png
404,139,mappa_percorso_139.png
405,3255,mappa_percorso_3255.png
406,209,mappa_percorso_209.png
407,5417,mappa_percorso_5417.png
408,5410,mappa_percorso_5410.png
409,3275,mappa_percorso_3275.png
410,5409,mappa_percorso_5409.png
411,3274,mappa_percorso_3274.png
412,5988,mappa_percorso_5988.png
413,126,mappa_percorso_126.png
414,5394,mappa_percorso_5394.png
415,658,mappa_percorso_658.png
416,2752,mappa_percorso_2752.png
417,1310,mappa_percorso_1310.png
418,3859,mappa_percorso_3859.png
419,5188,mappa_percorso_5188.png
420,721,mappa_percorso_721.png
421,1768,mappa_percorso_1768.png
422,3652,mappa_percorso_3652.png
423,3889,mappa_percorso_3889.png
424,5022,mappa_percorso_5022.png
425,5342,mappa_percorso_5342.png
426,5954,mappa_percorso_5954.png
427,199,mappa_percorso_199.png
428,2061,mappa_percorso_2061.png
429,167,mappa_percorso_167.png
430,3605,mappa_percorso_3605.png
431,3283,mappa_percorso_3283.png
432,3282,mappa_percorso_3282.png
433,3281,mappa_percorso_3281.png
434,3219,mappa_percorso_3219.png
435,4566,mappa_percorso_4566.png
436,2086,mappa_percorso_2086.png
437,4499,mappa_percorso_4499.png
438,4667,mappa_percorso_4667.png
439,5474,mappa_percorso_5474.png
440,5518,mappa_percorso_5518.png
441,5487,mappa_percorso_5487.png
442,5484,mappa_percorso_5484.png
443,3482,mappa_percorso_3482.png
444,3715,mappa_percorso_3715.png
445,1571,mappa_percorso_1571.png
446,1313,mappa_percorso_1313.png
447,858,mappa_percorso_858.png
448,3494,mappa_percorso_3494.png
449,5012,mappa_percorso_5012.png
450,1028,mappa_percorso_1028.png
451,3504,mappa_percorso_3504.png
452,4668,mappa_percorso_4668.png
453,4620,mappa_percorso_4620.png
454,4621,mappa_percorso_4621.png
455,5160,mappa_percorso_5160.png
456,2783,mappa_percorso_2783.png
457,5432,mappa_percorso_5432.png
458,2771,mappa_percorso_2771.png
459,4587,mappa_percorso_4587.png
460,2763,mappa_percorso_2763.png
461,2759,mappa_percorso_2759.png
462,2772,mappa_percorso_2772.png
463,2923,mappa_percorso_2923.png
464,4626,mappa_percorso_4626.png
465,1782,mappa_percorso_1782.png
466,5071,mappa_percorso_5071.png
467,5019,mappa_percorso_5019.png
468,5016,mappa_percorso_5016.png
469,373,mappa_percorso_373.png
470,1207,mappa_percorso_1207.png
471,5271,mappa_percorso_5271.png
472,3672,mappa_percorso_3672.png
473,47,mappa_percorso_47.png
474,2342,mappa_percorso_2342.png
475,1464,mappa_percorso_1464.png
476,912,mappa_percorso_912.png
477,3718,mappa_percorso_3718.png
478,37,mappa_percorso_37.png
479,3740,mappa_percorso_3740.png
480,1353,mappa_percorso_1353.png
481,5485,mappa_percorso_5485.png
482,786,mappa_percorso_786.png
483,3362,mappa_percorso_3362.png
484,2025,mappa_percorso_2025.png
485,2065,mappa_percorso_2065.png
486,955,mappa_percorso_955.png
487,875,mappa_percorso_875.png
488,863,mappa_percorso_863.png
489,954,mappa_percorso_954.png
490,944,mappa_percorso_944.png
491,878,mappa_percorso_878.png
492,1440,mappa_percorso_1440.png
493,945,mappa_percorso_945.png
494,1254,mappa_percorso_1254.png
495,1036,mappa_percorso_1036.png
496,877,mappa_percorso_877.png
497,953,mappa_percorso_953.png
498,534,mappa_percorso_534.png
499,4927,mappa_percorso_4927.png
500,3949,mappa_percorso_3949.png
501,3950,mappa_percorso_3950.png
502,4502,mappa_percorso_4502.png
503,124,mappa_percorso_124.png
504,41,mappa_percorso_41.png
505,4662,mappa_percorso_4662.png
506,4655,mappa_percorso_4655.png
507,4942,mappa_percorso_4942.png
508,4043,mappa_percorso_4043.png
509,4044,mappa_percorso_4044.png
510,3498,mappa_percorso_3498.png
511,3499,mappa_percorso_3499.png
512,2766,mappa_percorso_2766.png
513,1659,mappa_percorso_1659.png
514,1779,mappa_percorso_1779.png
515,1011,mappa_percorso_1011.png
516,45,mappa_percorso_45.png
517,6028,mappa_percorso_6028.png
518,5666,mappa_percorso_5666.png
519,5664,mappa_percorso_5664.png
520,5665,mappa_percorso_5665.png
521,3923,mappa_percorso_3923.png
522,1340,mappa_percorso_1340.png
523,1987,mappa_percorso_1987.png
524,4613,mappa_percorso_4613.png
525,1396,mappa_percorso_1396.png
526,5601,mappa_percorso_5601.png
527,5626,mappa_percorso_5626.png
528,2026,mappa_percorso_2026.png
529,3286,mappa_percorso_3286.png
530,6153,mappa_percorso_6153.png
531,4888,mappa_percorso_4888.png
532,3229,mappa_percorso_3229.png
533,3500,mappa_percorso_3500.png
534,3518,mappa_percorso_3518.png
535,3712,mappa_percorso_3712.png
536,4622,mappa_percorso_4622.png
537,121,mappa_percorso_121.png
538,119,mappa_percorso_119.png
539,127,mappa_percorso_127.png
540,122,mappa_percorso_122.png
541,128,mappa_percorso_128.png
542,2211,mappa_percorso_2211.png
543,325,mappa_percorso_325.png
544,327,mappa_percorso_327.png
545,326,mappa_percorso_326.png
546,329,mappa_percorso_329.png
547,330,mappa_percorso_330.png
548,328,mappa_percorso_328.png
549,3284,mappa_percorso_3284.png
550,946,mappa_percorso_946.png
551,5287,mappa_percorso_5287.png
552,4656,mappa_percorso_4656.png
553,3375,mappa_percorso_3375.png
554,4145,mappa_percorso_4145.png
555,1472,mappa_percorso_1472.png
556,5555,mappa_percorso_5555.png
557,5206,mappa_percorso_5206.png
558,2488,mappa_percorso_2488.png
559,32,mappa_percorso_32.png
560,48,mappa_percorso_48.png
561,713,mappa_percorso_713.png
562,5215,mappa_percorso_5215.png
563,3302,mappa_percorso_3302.png
564,3524,mappa_percorso_3524.png
565,3505,mappa_percorso_3505.png
566,4629,mappa_percorso_4629.png
567,4479,mappa_percorso_4479.png
568,3411,mappa_percorso_3411.png
569,3655,mappa_percorso_3655.png
570,4047,mappa_percorso_4047.png
571,1690,mappa_percorso_1690.png
572,3934,mappa_percorso_3934.png
573,933,mappa_percorso_933.png
574,3263,mappa_percorso_3263.png
575,3678,mappa_percorso_3678.png
576,5210,mappa_percorso_5210.png
577,2205,mappa_percorso_2205.png
578,2251,mappa_percorso_2251.png
579,2263,mappa_percorso_2263.png
580,2468,mappa_percorso_2468.png
581,117,mappa_percorso_117.png
582,72,mappa_percorso_72.png
583,4635,mappa_percorso_4635.png
584,393,mappa_percorso_393.png
585,395,mappa_percorso_395.png
586,3006,mappa_percorso_3006.png
587,5105,mappa_percorso_5105.png
588,5121,mappa_percorso_5121.png
589,4378,mappa_percorso_4378.png
590,567,mappa_percorso_567.png
591,118,mappa_percorso_118.png
592,2843,mappa_percorso_2843.png
593,4140,mappa_percorso_4140.png
594,2910,mappa_percorso_2910.png
595,24,mappa_percorso_24.png
596,5318,mappa_percorso_5318.png
597,2382,mappa_percorso_2382.png
598,5850,mappa_percorso_5850.png
599,1793,mappa_percorso_1793.png
600,40,mappa_percorso_40.png
601,5449,mappa_percorso_5449.png
602,3955,mappa_percorso_3955.png
603,5673,mappa_percorso_5673.png
604,5356,mappa_percorso_5356.png
605,5092,mappa_percorso_5092.png
606,5360,mappa_percorso_5360.png
607,5453,mappa_percorso_5453.png
608,5094,mappa_percorso_5094.png
609,5667,mappa_percorso_5667.png
610,2782,mappa_percorso_2782.png
611,5357,mappa_percorso_5357.png
612,5454,mappa_percorso_5454.png
613,5455,mappa_percorso_5455.png
614,6141,mappa_percorso_6141.png
615,5204,mappa_percorso_5204.png
616,5359,mappa_percorso_5359.png
617,5457,mappa_percorso_5457.png
618,5859,mappa_percorso_5859.png
619,5456,mappa_percorso_5456.png
620,5740,mappa_percorso_5740.png
621,5093,mappa_percorso_5093.png
622,3027,mappa_percorso_3027.png
623,4551,mappa_percorso_4551.png
624,251,mappa_percorso_251.png
625,3768,mappa_percorso_3768.png
626,1488,mappa_percorso_1488.png
627,3497,mappa_percorso_3497.png
628,2938,mappa_percorso_2938.png
629,1780,mappa_percorso_1780.png
630,1783,mappa_percorso_1783.png
631,3609,mappa_percorso_3609.png
632,3503,mappa_percorso_3503.png
633,1765,mappa_percorso_1765.png
634,925,mappa_percorso_925.png
635,3135,mappa_percorso_3135.png
636,5203,mappa_percorso_5203.png
637,1211,mappa_percorso_1211.png
638,718,mappa_percorso_718.png
639,723,mappa_percorso_723.png
640,705,mappa_percorso_705.png
641,6020,mappa_percorso_6020.png
642,465,mappa_percorso_465.png
643,140,mappa_percorso_140.png
644,5171,mappa_percorso_5171.png
645,3554,mappa_percorso_3554.png
646,3974,mappa_percorso_3974.png
647,3993,mappa_percorso_3993.png
648,847,mappa_percorso_847.png
649,2986,mappa_percorso_2986.png
650,5671,mappa_percorso_5671.png
651,5499,mappa_percorso_5499.png
652,3636,mappa_percorso_3636.png
653,3054,mappa_percorso_3054.png
654,3511,mappa_percorso_3511.png
655,4525,mappa_percorso_4525.png
656,5500,mappa_percorso_5500.png
657,5672,mappa_percorso_5672.png
658,3989,mappa_percorso_3989.png
659,3694,mappa_percorso_3694.png
660,623,mappa_percorso_623.png
661,428,mappa_percorso_428.png
662,362,mappa_percorso_362.png
663,5554,mappa_percorso_5554.png
664,2970,mappa_percorso_2970.png
665,1929,mappa_percorso_1929.png
666,4611,mappa_percorso_4611.png
667,1655,mappa_percorso_1655.png
668,1930,mappa_percorso_1930.png
669,2535,mappa_percorso_2535.png
670,1490,mappa_percorso_1490.png
671,5098,mappa_percorso_5098.png
672,846,mappa_percorso_846.png
673,1491,mappa_percorso_1491.png
674,397,mappa_percorso_397.png
675,381,mappa_percorso_381.png
676,384,mappa_percorso_384.png
677,387,mappa_percorso_387.png
678,2517,mappa_percorso_2517.png
679,2525,mappa_percorso_2525.png
680,2529,mappa_percorso_2529.png
681,2518,mappa_percorso_2518.png
682,2516,mappa_percorso_2516.png
683,2540,mappa_percorso_2540.png
684,2541,mappa_percorso_2541.png
685,2531,mappa_percorso_2531.png
686,2511,mappa_percorso_2511.png
687,402,mappa_percorso_402.png
688,1293,mappa_percorso_1293.png
689,2533,mappa_percorso_2533.png
690,2539,mappa_percorso_2539.png
691,2526,mappa_percorso_2526.png
692,2532,mappa_percorso_2532.png
693,2519,mappa_percorso_2519.png
694,2530,mappa_percorso_2530.png
695,1928,mappa_percorso_1928.png
696,5067,mappa_percorso_5067.png
697,5600,mappa_percorso_5600.png
698,5945,mappa_percorso_5945.png
699,3409,mappa_percorso_3409.png
700,2633,mappa_percorso_2633.png
701,4753,mappa_percorso_4753.png
702,2157,mappa_percorso_2157.png
703,5089,mappa_percorso_5089.png
704,394,mappa_percorso_394.png
705,2002,mappa_percorso_2002.png
706,1061,mappa_percorso_1061.png
707,4657,mappa_percorso_4657.png
708,5552,mappa_percorso_5552.png
709,3314,mappa_percorso_3314.png
710,3521,mappa_percorso_3521.png
711,4918,mappa_percorso_4918.png
712,2884,mappa_percorso_2884.png
713,280,mappa_percorso_280.png
714,765,mappa_percorso_765.png
715,977,mappa_percorso_977.png
716,4614,mappa_percorso_4614.png
717,1391,mappa_percorso_1391.png
718,5234,mappa_percorso_5234.png
719,3627,mappa_percorso_3627.png
720,5128,mappa_percorso_5128.png
721,153,mappa_percorso_153.png
722,168,mappa_percorso_168.png
723,120,mappa_percorso_120.png
724,125,mappa_percorso_125.png
725,5472,mappa_percorso_5472.png
726,852,mappa_percorso_852.png
727,2202,mappa_percorso_2202.png
728,2559,mappa_percorso_2559.png
729,3887,mappa_percorso_3887.png
730,6085,mappa_percorso_6085.png
731,4641,mappa_percorso_4641.png
732,4159,mappa_percorso_4159.png
733,231,mappa_percorso_231.png
734,4547,mappa_percorso_4547.png
735,3947,mappa_percorso_3947.png
736,3823,mappa_percorso_3823.png
737,5295,mappa_percorso_5295.png
738,2694,mappa_percorso_2694.png
739,1972,mappa_percorso_1972.png
740,3232,mappa_percorso_3232.png
741,1983,mappa_percorso_1983.png
742,1951,mappa_percorso_1951.png
743,5572,mappa_percorso_5572.png
744,1958,mappa_percorso_1958.png
745,1956,mappa_percorso_1956.png
746,746,mappa_percorso_746.png
747,2948,mappa_percorso_2948.png
748,1959,mappa_percorso_1959.png
749,1952,mappa_percorso_1952.png
750,1968,mappa_percorso_1968.png
751,1961,mappa_percorso_1961.png
752,1984,mappa_percorso_1984.png
753,1390,mappa_percorso_1390.png
754,1371,mappa_percorso_1371.png
755,1955,mappa_percorso_1955.png
756,55,mappa_percorso_55.png
757,880,mappa_percorso_880.png
758,879,mappa_percorso_879.png
759,957,mappa_percorso_957.png
760,747,mappa_percorso_747.png
761,710,mappa_percorso_710.png
762,4814,mappa_percorso_4814.png
763,1960,mappa_percorso_1960.png
764,2132,mappa_percorso_2132.png
765,1537,mappa_percorso_1537.png
766,3600,mappa_percorso_3600.png
767,1312,mappa_percorso_1312.png
768,1311,mappa_percorso_1311.png
769,471,mappa_percorso_471.png
770,3860,mappa_percorso_3860.png
771,3657,mappa_percorso_3657.png
772,6227,mappa_percorso_6227.png
773,5888,mappa_percorso_5888.png
774,261,mappa_percorso_261.png
775,3588,mappa_percorso_3588.png
776,5366,mappa_percorso_5366.png
777,5495,mappa_percorso_5495.png
778,5732,mappa_percorso_5732.png
779,5917,mappa_percorso_5917.png
780,5731,mappa_percorso_5731.png
781,5734,mappa_percorso_5734.png
782,3007,mappa_percorso_3007.png
783,522,mappa_percorso_522.png
784,123,mappa_percorso_123.png
785,4214,mappa_percorso_4214.png
786,1206,mappa_percorso_1206.png
787,4220,mappa_percorso_4220.png
788,4213,mappa_percorso_4213.png
789,4211,mappa_percorso_4211.png
790,4205,mappa_percorso_4205.png
791,4206,mappa_percorso_4206.png
792,4207,mappa_percorso_4207.png
793,4210,mappa_percorso_4210.png
794,4208,mappa_percorso_4208.png
795,4209,mappa_percorso_4209.png
796,4212,mappa_percorso_4212.png
797,3271,mappa_percorso_3271.png
798,3946,mappa_percorso_3946.png
799,6230,mappa_percorso_6230.png
800,5341,mappa_percorso_5341.png
801,6177,mappa_percorso_6177.png
802,5208,mappa_percorso_5208.png
803,4913,mappa_percorso_4913.png
804,154,mappa_percorso_154.png
805,3906,mappa_percorso_3906.png
806,2063,mappa_percorso_2063.png
807,2949,mappa_percorso_2949.png
808,1822,mappa_percorso_1822.png
809,2212,mappa_percorso_2212.png
810,3298,mappa_percorso_3298.png
811,3277,mappa_percorso_3277.png
812,4534,mappa_percorso_4534.png
813,2632,mappa_percorso_2632.png
814,4508,mappa_percorso_4508.png
815,4848,mappa_percorso_4848.png
816,5411,mappa_percorso_5411.png
817,5406,mappa_percorso_5406.png
818,5407,mappa_percorso_5407.png
819,5413,mappa_percorso_5413.png
820,5514,mappa_percorso_5514.png
821,5415,mappa_percorso_5415.png
822,5408,mappa_percorso_5408.png
823,5414,mappa_percorso_5414.png
824,5354,mappa_percorso_5354.png
825,5416,mappa_percorso_5416.png
826,5412,mappa_percorso_5412.png
827,3344,mappa_percorso_3344.png
828,3345,mappa_percorso_3345.png
829,3336,mappa_percorso_3336.png
830,2606,mappa_percorso_2606.png
831,3358,mappa_percorso_3358.png
832,2607,mappa_percorso_2607.png
833,2608,mappa_percorso_2608.png
834,6185,mappa_percorso_6185.png
835,1115,mappa_percorso_1115.png
836,3642,mappa_percorso_3642.png
837,2842,mappa_percorso_2842.png
838,2838,mappa_percorso_2838.png
839,173,mappa_percorso_173.png
840,3321,mappa_percorso_3321.png
841,3328,mappa_percorso_3328.png
842,3100,mappa_percorso_3100.png
843,4844,mappa_percorso_4844.png
844,3247,mappa_percorso_3247.png
845,3228,mappa_percorso_3228.png
846,5946,mappa_percorso_5946.png
847,396,mappa_percorso_396.png
848,1334,mappa_percorso_1334.png
849,4168,mappa_percorso_4168.png
850,5498,mappa_percorso_5498.png
851,3300,mappa_percorso_3300.png
852,1316,mappa_percorso_1316.png
853,2888,mappa_percorso_2888.png
854,4994,mappa_percorso_4994.png
855,3285,mappa_percorso_3285.png
856,5361,mappa_percorso_5361.png
857,3945,mappa_percorso_3945.png
858,5218,mappa_percorso_5218.png
859,3969,mappa_percorso_3969.png
860,2082,mappa_percorso_2082.png
861,3696,mappa_percorso_3696.png
862,4628,mappa_percorso_4628.png
863,2425,mappa_percorso_2425.png
864,625,mappa_percorso_625.png
865,3880,mappa_percorso_3880.png
866,507,mappa_percorso_507.png
867,2355,mappa_percorso_2355.png
868,5355,mappa_percorso_5355.png
869,5684,mappa_percorso_5684.png
870,2030,mappa_percorso_2030.png
871,5248,mappa_percorso_5248.png
872,5299,mappa_percorso_5299.png
873,406,mappa_percorso_406.png
874,3663,mappa_percorso_3663.png
875,3519,mappa_percorso_3519.png
876,1394,mappa_percorso_1394.png
877,1950,mappa_percorso_1950.png
878,5192,mappa_percorso_5192.png
879,5564,mappa_percorso_5564.png
880,5563,mappa_percorso_5563.png
881,1295,mappa_percorso_1295.png
882,3613,mappa_percorso_3613.png
883,1658,mappa_percorso_1658.png
884,511,mappa_percorso_511.png
885,3261,mappa_percorso_3261.png
886,3262,mappa_percorso_3262.png
887,5663,mappa_percorso_5663.png
888,466,mappa_percorso_466.png
889,4514,mappa_percorso_4514.png
890,3520,mappa_percorso_3520.png
891,3522,mappa_percorso_3522.png
892,3329,mappa_percorso_3329.png
893,3493,mappa_percorso_3493.png
894,2379,mappa_percorso_2379.png
895,2769,mappa_percorso_2769.png
896,5189,mappa_percorso_5189.png
897,470,mappa_percorso_470.png
898,5190,mappa_percorso_5190.png
899,3491,mappa_percorso_3491.png
900,6150,mappa_percorso_6150.png
901,5669,mappa_percorso_5669.png
902,665,mappa_percorso_665.png
903,4723,mappa_percorso_4723.png
904,3033,mappa_percorso_3033.png
905,370,mappa_percorso_370.png
906,3273,mappa_percorso_3273.png
907,38,mappa_percorso_38.png
908,39,mappa_percorso_39.png
909,30,mappa_percorso_30.png
910,5882,mappa_percorso_5882.png
911,3338,mappa_percorso_3338.png
912,3326,mappa_percorso_3326.png
913,3523,mappa_percorso_3523.png
914,2624,mappa_percorso_2624.png
915,2369,mappa_percorso_2369.png
916,2340,mappa_percorso_2340.png
917,281,mappa_percorso_281.png
918,1892,mappa_percorso_1892.png
919,3133,mappa_percorso_3133.png
920,860,mappa_percorso_860.png
921,2545,mappa_percorso_2545.png
922,3068,mappa_percorso_3068.png
923,2680,mappa_percorso_2680.png
924,3309,mappa_percorso_3309.png
925,6026,mappa_percorso_6026.png
926,1812,mappa_percorso_1812.png
927,2646,mappa_percorso_2646.png
928,1811,mappa_percorso_1811.png
929,929,mappa_percorso_929.png
930,613,mappa_percorso_613.png
931,914,mappa_percorso_914.png
932,571,mappa_percorso_571.png
933,2811,mappa_percorso_2811.png
934,4650,mappa_percorso_4650.png
935,3164,mappa_percorso_3164.png
936,3238,mappa_percorso_3238.png
937,3165,mappa_percorso_3165.png
938,1519,mappa_percorso_1519.png
939,2900,mappa_percorso_2900.png
940,1382,mappa_percorso_1382.png
941,638,mappa_percorso_638.png
942,1377,mappa_percorso_1377.png
943,1378,mappa_percorso_1378.png
944,3953,mappa_percorso_3953.png
945,640,mappa_percorso_640.png
946,2471,mappa_percorso_2471.png
947,222,mappa_percorso_222.png
948,4228,mappa_percorso_4228.png
949,5863,mappa_percorso_5863.png
950,2029,mappa_percorso_2029.png
951,2034,mappa_percorso_2034.png
952,5389,mappa_percorso_5389.png
953,3808,mappa_percorso_3808.png
954,3690,mappa_percorso_3690.png
955,5778,mappa_percorso_5778.png
956,5779,mappa_percorso_5779.png
957,2644,mappa_percorso_2644.png
958,4198,mappa_percorso_4198.png
959,607,mappa_percorso_607.png
960,3137,mappa_percorso_3137.png
961,3882,mappa_percorso_3882.png
962,3371,mappa_percorso_3371.png
963,2978,mappa_percorso_2978.png
964,2152,mappa_percorso_2152.png
965,5156,mappa_percorso_5156.png
966,5183,mappa_percorso_5183.png
967,621,mappa_percorso_621.png
968,3826,mappa_percorso_3826.png
969,3828,mappa_percorso_3828.png
970,77,mappa_percorso_77.png
971,2675,mappa_percorso_2675.png
972,4882,mappa_percorso_4882.png
973,227,mappa_percorso_227.png
974,1315,mappa_percorso_1315.png
975,2648,mappa_percorso_2648.png
976,3664,mappa_percorso_3664.png
977,3784,mappa_percorso_3784.png
978,4546,mappa_percorso_4546.png
979,2521,mappa_percorso_2521.png
980,2400,mappa_percorso_2400.png
981,2344,mappa_percorso_2344.png
982,2846,mappa_percorso_2846.png
983,6114,mappa_percorso_6114.png
984,5064,mappa_percorso_5064.png
985,1691,mappa_percorso_1691.png
986,1403,mappa_percorso_1403.png
987,924,mappa_percorso_924.png
988,3365,mappa_percorso_3365.png
989,6068,mappa_percorso_6068.png
990,641,mappa_percorso_641.png
991,871,mappa_percorso_871.png
992,911,mappa_percorso_911.png
993,3009,mappa_percorso_3009.png
994,2684,mappa_percorso_2684.png
995,3430,mappa_percorso_3430.png
996,2146,mappa_percorso_2146.png
997,1751,mappa_percorso_1751.png
998,1015,mappa_percorso_1015.png
999,2957,mappa_percorso_2957.png
1000,1363,mappa_percorso_1363.png
1001,3163,mappa_percorso_3163.png
1002,74,mappa_percorso_74.png
1003,2619,mappa_percorso_2619.png
1004,5545,mappa_percorso_5545.png
1005,78,mappa_percorso_78.png
1006,3169,mappa_percorso_3169.png
1007,4457,mappa_percorso_4457.png
1008,1037,mappa_percorso_1037.png
1009,818,mappa_percorso_818.png
1010,2129,mappa_percorso_2129.png
1011,4677,mappa_percorso_4677.png
1012,279,mappa_percorso_279.png
1013,4925,mappa_percorso_4925.png
1014,4926,mappa_percorso_4926.png
1015,587,mappa_percorso_587.png
1016,589,mappa_percorso_589.png
1017,588,mappa_percorso_588.png
1018,2679,mappa_percorso_2679.png
1019,1494,mappa_percorso_1494.png
1020,1551,mappa_percorso_1551.png
1021,5950,mappa_percorso_5950.png
1022,3583,mappa_percorso_3583.png
1023,830,mappa_percorso_830.png
1024,6140,mappa_percorso_6140.png
1025,6124,mappa_percorso_6124.png
1026,6139,mappa_percorso_6139.png
1027,69,mappa_percorso_69.png
1028,559,mappa_percorso_559.png
1029,5977,mappa_percorso_5977.png
1030,3374,mappa_percorso_3374.png
1031,4071,mappa_percorso_4071.png
1032,5957,mappa_percorso_5957.png
1033,5967,mappa_percorso_5967.png
1034,5966,mappa_percorso_5966.png
1035,5968,mappa_percorso_5968.png
1036,2501,mappa_percorso_2501.png
1037,1718,mappa_percorso_1718.png
1038,6184,mappa_percorso_6184.png
1039,3927,mappa_percorso_3927.png
1040,5651,mappa_percorso_5651.png
1041,5276,mappa_percorso_5276.png
1042,1327,mappa_percorso_1327.png
1043,3049,mappa_percorso_3049.png
1044,3013,mappa_percorso_3013.png
1045,3071,mappa_percorso_3071.png
1046,3352,mappa_percorso_3352.png
1047,1465,mappa_percorso_1465.png
1048,3037,mappa_percorso_3037.png
1049,1992,mappa_percorso_1992.png
1050,3124,mappa_percorso_3124.png
1051,2478,mappa_percorso_2478.png
1052,5997,mappa_percorso_5997.png
1053,3102,mappa_percorso_3102.png
1054,1676,mappa_percorso_1676.png
1055,2661,mappa_percorso_2661.png
1056,2655,mappa_percorso_2655.png
1057,2343,mappa_percorso_2343.png
1058,2408,mappa_percorso_2408.png
1059,3666,mappa_percorso_3666.png
1060,4153,mappa_percorso_4153.png
1061,2393,mappa_percorso_2393.png
1062,201,mappa_percorso_201.png
1063,4024,mappa_percorso_4024.png
1064,3911,mappa_percorso_3911.png
1065,3103,mappa_percorso_3103.png
1066,67,mappa_percorso_67.png
1067,1198,mappa_percorso_1198.png
1068,1068,mappa_percorso_1068.png
1069,1067,mappa_percorso_1067.png
1070,1065,mappa_percorso_1065.png
1071,1066,mappa_percorso_1066.png
1072,2209,mappa_percorso_2209.png
1073,2162,mappa_percorso_2162.png
1074,2634,mappa_percorso_2634.png
1075,5238,mappa_percorso_5238.png
1076,3453,mappa_percorso_3453.png
1077,622,mappa_percorso_622.png
1078,2127,mappa_percorso_2127.png
1079,5971,mappa_percorso_5971.png
1080,3558,mappa_percorso_3558.png
1081,662,mappa_percorso_662.png
1082,2641,mappa_percorso_2641.png
1083,2249,mappa_percorso_2249.png
1084,2128,mappa_percorso_2128.png
1085,4166,mappa_percorso_4166.png
1086,3568,mappa_percorso_3568.png
1087,2309,mappa_percorso_2309.png
1088,1626,mappa_percorso_1626.png
1089,4010,mappa_percorso_4010.png
1090,1354,mappa_percorso_1354.png
1091,583,mappa_percorso_583.png
1092,457,mappa_percorso_457.png
1093,951,mappa_percorso_951.png
1094,3378,mappa_percorso_3378.png
1095,1592,mappa_percorso_1592.png
1096,2173,mappa_percorso_2173.png
1097,81,mappa_percorso_81.png
1098,2243,mappa_percorso_2243.png
1099,2911,mappa_percorso_2911.png
1100,1809,mappa_percorso_1809.png
1101,4017,mappa_percorso_4017.png
1102,2257,mappa_percorso_2257.png
1103,461,mappa_percorso_461.png
1104,1715,mappa_percorso_1715.png
1105,5934,mappa_percorso_5934.png
1106,1711,mappa_percorso_1711.png
1107,5932,mappa_percorso_5932.png
1108,1712,mappa_percorso_1712.png
1109,5933,mappa_percorso_5933.png
1110,5930,mappa_percorso_5930.png
1111,5931,mappa_percorso_5931.png
1112,2735,mappa_percorso_2735.png
1113,3039,mappa_percorso_3039.png
1114,3936,mappa_percorso_3936.png
1115,5609,mappa_percorso_5609.png
1116,2229,mappa_percorso_2229.png
1117,3010,mappa_percorso_3010.png
1118,2246,mappa_percorso_2246.png
1119,3011,mappa_percorso_3011.png
1120,2339,mappa_percorso_2339.png
1121,3510,mappa_percorso_3510.png
1122,2352,mappa_percorso_2352.png
1123,2962,mappa_percorso_2962.png
1124,2207,mappa_percorso_2207.png
1125,3373,mappa_percorso_3373.png
1126,1460,mappa_percorso_1460.png
1127,66,mappa_percorso_66.png
1128,2826,mappa_percorso_2826.png
1129,1595,mappa_percorso_1595.png
1130,2137,mappa_percorso_2137.png
1131,2210,mappa_percorso_2210.png
1132,3001,mappa_percorso_3001.png
1133,2602,mappa_percorso_2602.png
1134,974,mappa_percorso_974.png
1135,3681,mappa_percorso_3681.png
1136,1656,mappa_percorso_1656.png
1137,3513,mappa_percorso_3513.png
1138,3628,mappa_percorso_3628.png
1139,2784,mappa_percorso_2784.png
1140,3018,mappa_percorso_3018.png
1141,2808,mappa_percorso_2808.png
1142,2365,mappa_percorso_2365.png
1143,1804,mappa_percorso_1804.png
1144,1807,mappa_percorso_1807.png
1145,1803,mappa_percorso_1803.png
1146,1805,mappa_percorso_1805.png
1147,3762,mappa_percorso_3762.png
1148,2346,mappa_percorso_2346.png
1149,4054,mappa_percorso_4054.png
1150,2979,mappa_percorso_2979.png
1151,2298,mappa_percorso_2298.png
1152,1474,mappa_percorso_1474.png
1153,2470,mappa_percorso_2470.png
1154,5187,mappa_percorso_5187.png
1155,2590,mappa_percorso_2590.png
1156,910,mappa_percorso_910.png
1157,907,mappa_percorso_907.png
1158,909,mappa_percorso_909.png
1159,584,mappa_percorso_584.png
1160,904,mappa_percorso_904.png
1161,906,mappa_percorso_906.png
1162,905,mappa_percorso_905.png
1163,80,mappa_percorso_80.png
1164,62,mappa_percorso_62.png
1165,5520,mappa_percorso_5520.png
1166,582,mappa_percorso_582.png
1167,3868,mappa_percorso_3868.png
1168,560,mappa_percorso_560.png
1169,3867,mappa_percorso_3867.png
1170,1742,mappa_percorso_1742.png
1171,642,mappa_percorso_642.png
1172,448,mappa_percorso_448.png
1173,1358,mappa_percorso_1358.png
1174,446,mappa_percorso_446.png
1175,456,mappa_percorso_456.png
1176,1168,mappa_percorso_1168.png
1177,2964,mappa_percorso_2964.png
1178,452,mappa_percorso_452.png
1179,558,mappa_percorso_558.png
1180,451,mappa_percorso_451.png
1181,575,mappa_percorso_575.png
1182,574,mappa_percorso_574.png
1183,2629,mappa_percorso_2629.png
1184,2242,mappa_percorso_2242.png
1185,614,mappa_percorso_614.png
1186,1213,mappa_percorso_1213.png
1187,242,mappa_percorso_242.png
1188,586,mappa_percorso_586.png
1189,1190,mappa_percorso_1190.png
1190,4455,mappa_percorso_4455.png
1191,3259,mappa_percorso_3259.png
1192,3239,mappa_percorso_3239.png
1193,3783,mappa_percorso_3783.png
1194,1187,mappa_percorso_1187.png
1195,1188,mappa_percorso_1188.png
1196,2688,mappa_percorso_2688.png
1197,1398,mappa_percorso_1398.png
1198,3535,mappa_percorso_3535.png
1199,1361,mappa_percorso_1361.png
1200,2651,mappa_percorso_2651.png
1201,3447,mappa_percorso_3447.png
1202,1253,mappa_percorso_1253.png
1203,63,mappa_percorso_63.png
1204,2176,mappa_percorso_2176.png
1205,2172,mappa_percorso_2172.png
1206,4149,mappa_percorso_4149.png
1207,3937,mappa_percorso_3937.png
1208,1810,mappa_percorso_1810.png
1209,5879,mappa_percorso_5879.png
1210,2460,mappa_percorso_2460.png
1211,3170,mappa_percorso_3170.png
1212,440,mappa_percorso_440.png
1213,1719,mappa_percorso_1719.png
1214,1321,mappa_percorso_1321.png
1215,2483,mappa_percorso_2483.png
1216,1057,mappa_percorso_1057.png
1217,1979,mappa_percorso_1979.png
1218,64,mappa_percorso_64.png
1219,1582,mappa_percorso_1582.png
1220,3870,mappa_percorso_3870.png
1221,3869,mappa_percorso_3869.png
1222,3807,mappa_percorso_3807.png
1223,1594,mappa_percorso_1594.png
1224,5523,mappa_percorso_5523.png
1225,2523,mappa_percorso_2523.png
1226,1160,mappa_percorso_1160.png
1227,1971,mappa_percorso_1971.png
1228,3136,mappa_percorso_3136.png
1229,3172,mappa_percorso_3172.png
1230,1214,mappa_percorso_1214.png
1231,3150,mappa_percorso_3150.png
1232,2407,mappa_percorso_2407.png
1233,1580,mappa_percorso_1580.png
1234,6022,mappa_percorso_6022.png
1235,6025,mappa_percorso_6025.png
1236,6082,mappa_percorso_6082.png
1237,6081,mappa_percorso_6081.png
1238,4552,mappa_percorso_4552.png
1239,6076,mappa_percorso_6076.png
1240,6077,mappa_percorso_6077.png
1241,6024,mappa_percorso_6024.png
1242,6083,mappa_percorso_6083.png
1243,6023,mappa_percorso_6023.png
1244,6142,mappa_percorso_6142.png
1245,5949,mappa_percorso_5949.png
1246,6144,mappa_percorso_6144.png
1247,6075,mappa_percorso_6075.png
1248,1808,mappa_percorso_1808.png
1249,1763,mappa_percorso_1763.png
1250,2996,mappa_percorso_2996.png
1251,3333,mappa_percorso_3333.png
1252,3793,mappa_percorso_3793.png
1253,2418,mappa_percorso_2418.png
1254,2713,mappa_percorso_2713.png
1255,1406,mappa_percorso_1406.png
1256,5270,mappa_percorso_5270.png
1257,2656,mappa_percorso_2656.png
1258,106,mappa_percorso_106.png
1259,250,mappa_percorso_250.png
1260,3452,mappa_percorso_3452.png
1261,2364,mappa_percorso_2364.png
1262,3026,mappa_percorso_3026.png
1263,2331,mappa_percorso_2331.png
1264,3055,mappa_percorso_3055.png
1265,5294,mappa_percorso_5294.png
1266,3051,mappa_percorso_3051.png
1267,2333,mappa_percorso_2333.png
1268,2401,mappa_percorso_2401.png
1269,2326,mappa_percorso_2326.png
1270,3073,mappa_percorso_3073.png
1271,79,mappa_percorso_79.png
1272,358,mappa_percorso_358.png
1273,359,mappa_percorso_359.png
1274,82,mappa_percorso_82.png
1275,3938,mappa_percorso_3938.png
1276,915,mappa_percorso_915.png
1277,73,mappa_percorso_73.png
1278,1720,mappa_percorso_1720.png
1279,1405,mappa_percorso_1405.png
1280,3763,mappa_percorso_3763.png
1281,2064,mappa_percorso_2064.png
1282,3782,mappa_percorso_3782.png
1283,4006,mappa_percorso_4006.png
1284,5029,mappa_percorso_5029.png
1285,3465,mappa_percorso_3465.png
1286,3829,mappa_percorso_3829.png
1287,476,mappa_percorso_476.png
1288,3460,mappa_percorso_3460.png
1289,3773,mappa_percorso_3773.png
1290,3809,mappa_percorso_3809.png
1291,276,mappa_percorso_276.png
1292,820,mappa_percorso_820.png
1293,2704,mappa_percorso_2704.png
1294,3546,mappa_percorso_3546.png
1295,994,mappa_percorso_994.png
1296,1158,mappa_percorso_1158.png
1297,822,mappa_percorso_822.png
1298,2011,mappa_percorso_2011.png
1299,2012,mappa_percorso_2012.png
1300,2014,mappa_percorso_2014.png
1301,993,mappa_percorso_993.png
1302,2013,mappa_percorso_2013.png
1303,1174,mappa_percorso_1174.png
1304,1176,mappa_percorso_1176.png
1305,1175,mappa_percorso_1175.png
1306,60,mappa_percorso_60.png
1307,1291,mappa_percorso_1291.png
1308,315,mappa_percorso_315.png
1309,3398,mappa_percorso_3398.png
1310,3152,mappa_percorso_3152.png
1311,2780,mappa_percorso_2780.png
1312,2767,mappa_percorso_2767.png
1313,2041,mappa_percorso_2041.png
1314,2762,mappa_percorso_2762.png
1315,5532,mappa_percorso_5532.png
1316,5261,mappa_percorso_5261.png
1317,5363,mappa_percorso_5363.png
1318,2402,mappa_percorso_2402.png
1319,1264,mappa_percorso_1264.png
1320,873,mappa_percorso_873.png
1321,4160,mappa_percorso_4160.png
1322,2469,mappa_percorso_2469.png
1323,1923,mappa_percorso_1923.png
1324,1155,mappa_percorso_1155.png
1325,2190,mappa_percorso_2190.png
1326,5885,mappa_percorso_5885.png
1327,5985,mappa_percorso_5985.png
1328,4837,mappa_percorso_4837.png
1329,5032,mappa_percorso_5032.png
1330,5606,mappa_percorso_5606.png
1331,5161,mappa_percorso_5161.png
1332,1384,mappa_percorso_1384.png
1333,5617,mappa_percorso_5617.png
1334,3662,mappa_percorso_3662.png
1335,2399,mappa_percorso_2399.png
1336,3289,mappa_percorso_3289.png
1337,3714,mappa_percorso_3714.png
1338,2027,mappa_percorso_2027.png
1339,2357,mappa_percorso_2357.png
1340,4488,mappa_percorso_4488.png
1341,4489,mappa_percorso_4489.png
1342,5659,mappa_percorso_5659.png
1343,5769,mappa_percorso_5769.png
1344,1468,mappa_percorso_1468.png
1345,5481,mappa_percorso_5481.png
1346,1986,mappa_percorso_1986.png
1347,3467,mappa_percorso_3467.png
1348,5125,mappa_percorso_5125.png
1349,2676,mappa_percorso_2676.png
1350,2921,mappa_percorso_2921.png
1351,2922,mappa_percorso_2922.png
1352,2925,mappa_percorso_2925.png
1353,5279,mappa_percorso_5279.png
1354,2708,mappa_percorso_2708.png
1355,5698,mappa_percorso_5698.png
1356,5458,mappa_percorso_5458.png
1357,3749,mappa_percorso_3749.png
1358,3701,mappa_percorso_3701.png
1359,4301,mappa_percorso_4301.png
1360,3700,mappa_percorso_3700.png
1361,4327,mappa_percorso_4327.png
1362,3765,mappa_percorso_3765.png
1363,3757,mappa_percorso_3757.png
1364,3704,mappa_percorso_3704.png
1365,4674,mappa_percorso_4674.png
1366,4297,mappa_percorso_4297.png
1367,1953,mappa_percorso_1953.png
1368,3759,mappa_percorso_3759.png
1369,3835,mappa_percorso_3835.png
1370,3836,mappa_percorso_3836.png
1371,4978,mappa_percorso_4978.png
1372,5260,mappa_percorso_5260.png
1373,4715,mappa_percorso_4715.png
1374,6019,mappa_percorso_6019.png
1375,3204,mappa_percorso_3204.png
1376,3746,mappa_percorso_3746.png
1377,2973,mappa_percorso_2973.png
1378,6119,mappa_percorso_6119.png
1379,3755,mappa_percorso_3755.png
1380,1731,mappa_percorso_1731.png
1381,839,mappa_percorso_839.png
1382,2219,mappa_percorso_2219.png
1383,5501,mappa_percorso_5501.png
1384,4133,mappa_percorso_4133.png
1385,5430,mappa_percorso_5430.png
1386,593,mappa_percorso_593.png
1387,3812,mappa_percorso_3812.png
1388,1507,mappa_percorso_1507.png
1389,2974,mappa_percorso_2974.png
1390,5573,mappa_percorso_5573.png
1391,401,mappa_percorso_401.png
1392,5697,mappa_percorso_5697.png
1393,2441,mappa_percorso_2441.png
1394,361,mappa_percorso_361.png
1395,5570,mappa_percorso_5570.png
1396,4956,mappa_percorso_4956.png
1397,3123,mappa_percorso_3123.png
1398,1802,mappa_percorso_1802.png
1399,2359,mappa_percorso_2359.png
1400,59,mappa_percorso_59.png
1401,427,mappa_percorso_427.png
1402,2984,mappa_percorso_2984.png
1403,1681,mappa_percorso_1681.png
1404,3036,mappa_percorso_3036.png
1405,1707,mappa_percorso_1707.png
1406,36,mappa_percorso_36.png
1407,4923,mappa_percorso_4923.png
1408,5772,mappa_percorso_5772.png
1409,2345,mappa_percorso_2345.png
1410,2714,mappa_percorso_2714.png
1411,399,mappa_percorso_399.png
1412,2325,mappa_percorso_2325.png
1413,890,mappa_percorso_890.png
1414,1668,mappa_percorso_1668.png
1415,2322,mappa_percorso_2322.png
1416,3495,mappa_percorso_3495.png
1417,2435,mappa_percorso_2435.png
1418,5529,mappa_percorso_5529.png
1419,3800,mappa_percorso_3800.png
1420,4000,mappa_percorso_4000.png
1421,1721,mappa_percorso_1721.png
1422,5920,mappa_percorso_5920.png
1423,4919,mappa_percorso_4919.png
1424,4916,mappa_percorso_4916.png
1425,4917,mappa_percorso_4917.png
1426,5066,mappa_percorso_5066.png
1427,5807,mappa_percorso_5807.png
1428,5163,mappa_percorso_5163.png
1429,4449,mappa_percorso_4449.png
1430,6226,mappa_percorso_6226.png
1431,3621,mappa_percorso_3621.png
1432,2436,mappa_percorso_2436.png
1433,3841,mappa_percorso_3841.png
1434,4091,mappa_percorso_4091.png
1435,2442,mappa_percorso_2442.png
1436,5312,mappa_percorso_5312.png
1437,2705,mappa_percorso_2705.png
1438,4484,mappa_percorso_4484.png
1439,5375,mappa_percorso_5375.png
1440,617,mappa_percorso_617.png
1441,5834,mappa_percorso_5834.png
1442,61,mappa_percorso_61.png
1443,4134,mappa_percorso_4134.png
1444,5559,mappa_percorso_5559.png
1445,1547,mappa_percorso_1547.png
1446,3526,mappa_percorso_3526.png
1447,5114,mappa_percorso_5114.png
1448,3957,mappa_percorso_3957.png
1449,2206,mappa_percorso_2206.png
1450,1667,mappa_percorso_1667.png
1451,5989,mappa_percorso_5989.png
1452,1725,mappa_percorso_1725.png
1453,1829,mappa_percorso_1829.png
1454,1730,mappa_percorso_1730.png
1455,3705,mappa_percorso_3705.png
1456,3699,mappa_percorso_3699.png
1457,3702,mappa_percorso_3702.png
1458,2975,mappa_percorso_2975.png
1459,369,mappa_percorso_369.png
1460,5088,mappa_percorso_5088.png
1461,5115,mappa_percorso_5115.png
1462,5080,mappa_percorso_5080.png
1463,3161,mappa_percorso_3161.png
1464,5005,mappa_percorso_5005.png
1465,4960,mappa_percorso_4960.png
1466,5033,mappa_percorso_5033.png
1467,4947,mappa_percorso_4947.png
1468,6131,mappa_percorso_6131.png
1469,3861,mappa_percorso_3861.png
1470,2928,mappa_percorso_2928.png
1471,5921,mappa_percorso_5921.png
1472,5746,mappa_percorso_5746.png
1473,5743,mappa_percorso_5743.png
1474,5747,mappa_percorso_5747.png
1475,5783,mappa_percorso_5783.png
1476,5803,mappa_percorso_5803.png
1477,4946,mappa_percorso_4946.png
1478,5724,mappa_percorso_5724.png
1479,5723,mappa_percorso_5723.png
1480,3389,mappa_percorso_3389.png
1481,317,mappa_percorso_317.png
1482,4969,mappa_percorso_4969.png
1483,4275,mappa_percorso_4275.png
1484,5111,mappa_percorso_5111.png
1485,576,mappa_percorso_576.png
1486,5984,mappa_percorso_5984.png
1487,5011,mappa_percorso_5011.png
1488,3280,mappa_percorso_3280.png
1489,1934,mappa_percorso_1934.png
1490,1886,mappa_percorso_1886.png
1491,4985,mappa_percorso_4985.png
1492,3719,mappa_percorso_3719.png
1493,6093,mappa_percorso_6093.png
1494,1942,mappa_percorso_1942.png
1495,319,mappa_percorso_319.png
1496,6167,mappa_percorso_6167.png
1497,4787,mappa_percorso_4787.png
1498,4782,mappa_percorso_4782.png
1499,4699,mappa_percorso_4699.png
1500,4904,mappa_percorso_4904.png
1501,4903,mappa_percorso_4903.png
1502,3076,mappa_percorso_3076.png
1503,3814,mappa_percorso_3814.png
1504,5422,mappa_percorso_5422.png
1505,4795,mappa_percorso_4795.png
1506,4698,mappa_percorso_4698.png
1507,4669,mappa_percorso_4669.png
1508,4716,mappa_percorso_4716.png
1509,4719,mappa_percorso_4719.png
1510,5452,mappa_percorso_5452.png
1511,4970,mappa_percorso_4970.png
1512,4993,mappa_percorso_4993.png
1513,2181,mappa_percorso_2181.png
1514,4675,mappa_percorso_4675.png
1515,4681,mappa_percorso_4681.png
1516,4798,mappa_percorso_4798.png
1517,4695,mappa_percorso_4695.png
1518,4693,mappa_percorso_4693.png
1519,3658,mappa_percorso_3658.png
1520,386,mappa_percorso_386.png
1521,4986,mappa_percorso_4986.png
1522,4987,mappa_percorso_4987.png
1523,4988,mappa_percorso_4988.png
1524,4682,mappa_percorso_4682.png
1525,4820,mappa_percorso_4820.png
1526,4684,mappa_percorso_4684.png
1527,4799,mappa_percorso_4799.png
1528,4984,mappa_percorso_4984.png
1529,4983,mappa_percorso_4983.png
1530,4796,mappa_percorso_4796.png
1531,6208,mappa_percorso_6208.png
1532,6145,mappa_percorso_6145.png
1533,6092,mappa_percorso_6092.png
1534,4910,mappa_percorso_4910.png
1535,355,mappa_percorso_355.png
1536,382,mappa_percorso_382.png
1537,5010,mappa_percorso_5010.png
1538,4901,mappa_percorso_4901.png
1539,4676,mappa_percorso_4676.png
1540,4924,mappa_percorso_4924.png
1541,367,mappa_percorso_367.png
1542,5044,mappa_percorso_5044.png
1543,4717,mappa_percorso_4717.png
1544,357,mappa_percorso_357.png
1545,4041,mappa_percorso_4041.png
1546,403,mappa_percorso_403.png
1547,4800,mappa_percorso_4800.png
1548,4968,mappa_percorso_4968.png
1549,4818,mappa_percorso_4818.png
1550,4710,mappa_percorso_4710.png
1551,4776,mappa_percorso_4776.png
1552,6078,mappa_percorso_6078.png
1553,3515,mappa_percorso_3515.png
1554,4725,mappa_percorso_4725.png
1555,318,mappa_percorso_318.png
1556,5024,mappa_percorso_5024.png
1557,4697,mappa_percorso_4697.png
1558,4897,mappa_percorso_4897.png
1559,5427,mappa_percorso_5427.png
1560,4775,mappa_percorso_4775.png
1561,378,mappa_percorso_378.png
1562,4902,mappa_percorso_4902.png
1563,4770,mappa_percorso_4770.png
1564,4951,mappa_percorso_4951.png
1565,4703,mappa_percorso_4703.png
1566,4670,mappa_percorso_4670.png
1567,376,mappa_percorso_376.png
1568,4972,mappa_percorso_4972.png
1569,6224,mappa_percorso_6224.png
1570,4694,mappa_percorso_4694.png
1571,5013,mappa_percorso_5013.png
1572,4896,mappa_percorso_4896.png
1573,3772,mappa_percorso_3772.png
1574,4691,mappa_percorso_4691.png
1575,374,mappa_percorso_374.png
1576,4713,mappa_percorso_4713.png
1577,4138,mappa_percorso_4138.png
1578,356,mappa_percorso_356.png
1579,4430,mappa_percorso_4430.png
1580,360,mappa_percorso_360.png
1581,4718,mappa_percorso_4718.png
1582,4685,mappa_percorso_4685.png
1583,1778,mappa_percorso_1778.png
1584,377,mappa_percorso_377.png
1585,2224,mappa_percorso_2224.png
1586,4692,mappa_percorso_4692.png
1587,4780,mappa_percorso_4780.png
1588,4801,mappa_percorso_4801.png
1589,4673,mappa_percorso_4673.png
1590,6123,mappa_percorso_6123.png
1591,4797,mappa_percorso_4797.png
1592,5000,mappa_percorso_5000.png
1593,4998,mappa_percorso_4998.png
1594,4997,mappa_percorso_4997.png
1595,4999,mappa_percorso_4999.png
1596,5001,mappa_percorso_5001.png
1597,5002,mappa_percorso_5002.png
1598,4996,mappa_percorso_4996.png
1599,4995,mappa_percorso_4995.png
1600,5139,mappa_percorso_5139.png
1601,6100,mappa_percorso_6100.png
1602,4248,mappa_percorso_4248.png
1603,4714,mappa_percorso_4714.png
1604,4696,mappa_percorso_4696.png
1605,5110,mappa_percorso_5110.png
1606,2105,mappa_percorso_2105.png
1607,1834,mappa_percorso_1834.png
1608,5530,mappa_percorso_5530.png
1609,2707,mappa_percorso_2707.png
1610,3866,mappa_percorso_3866.png
1611,3734,mappa_percorso_3734.png
1612,3220,mappa_percorso_3220.png
1613,3750,mappa_percorso_3750.png
1614,3594,mappa_percorso_3594.png
1615,3756,mappa_percorso_3756.png
1616,4915,mappa_percorso_4915.png
1617,4979,mappa_percorso_4979.png
1618,4977,mappa_percorso_4977.png
1619,1920,mappa_percorso_1920.png
1620,3592,mappa_percorso_3592.png
1621,4646,mappa_percorso_4646.png
1622,3738,mappa_percorso_3738.png
1623,5138,mappa_percorso_5138.png
1624,2819,mappa_percorso_2819.png
1625,6209,mappa_percorso_6209.png
1626,4436,mappa_percorso_4436.png
1627,2879,mappa_percorso_2879.png
1628,2484,mappa_percorso_2484.png
1629,4539,mappa_percorso_4539.png
1630,2848,mappa_percorso_2848.png
1631,229,mappa_percorso_229.png
1632,2809,mappa_percorso_2809.png
1633,2090,mappa_percorso_2090.png
1634,980,mappa_percorso_980.png
1635,5817,mappa_percorso_5817.png
1636,94,mappa_percorso_94.png
1637,4364,mappa_percorso_4364.png
1638,5108,mappa_percorso_5108.png
1639,5252,mappa_percorso_5252.png
1640,4980,mappa_percorso_4980.png
1641,5461,mappa_percorso_5461.png
1642,2098,mappa_percorso_2098.png
1643,5275,mappa_percorso_5275.png
1644,4967,mappa_percorso_4967.png
1645,4084,mappa_percorso_4084.png
1646,1993,mappa_percorso_1993.png
1647,2987,mappa_percorso_2987.png
1648,5265,mappa_percorso_5265.png
1649,984,mappa_percorso_984.png
1650,2775,mappa_percorso_2775.png
1651,6104,mappa_percorso_6104.png
1652,1277,mappa_percorso_1277.png
1653,2163,mappa_percorso_2163.png
1654,2617,mappa_percorso_2617.png
1655,3541,mappa_percorso_3541.png
1656,842,mappa_percorso_842.png
1657,2852,mappa_percorso_2852.png
1658,3822,mappa_percorso_3822.png
1659,551,mappa_percorso_551.png
1660,2106,mappa_percorso_2106.png
1661,2865,mappa_percorso_2865.png
1662,5291,mappa_percorso_5291.png
1663,2618,mappa_percorso_2618.png
1664,5286,mappa_percorso_5286.png
1665,1997,mappa_percorso_1997.png
1666,5277,mappa_percorso_5277.png
1667,5281,mappa_percorso_5281.png
1668,5285,mappa_percorso_5285.png
1669,3743,mappa_percorso_3743.png
1670,224,mappa_percorso_224.png
1671,4905,mappa_percorso_4905.png
1672,4369,mappa_percorso_4369.png
1673,633,mappa_percorso_633.png
1674,4803,mappa_percorso_4803.png
1675,4064,mappa_percorso_4064.png
1676,3435,mappa_percorso_3435.png
1677,563,mappa_percorso_563.png
1678,1590,mappa_percorso_1590.png
1679,2077,mappa_percorso_2077.png
1680,553,mappa_percorso_553.png
1681,2885,mappa_percorso_2885.png
1682,3864,mappa_percorso_3864.png
1683,388,mappa_percorso_388.png
1684,3960,mappa_percorso_3960.png
1685,1591,mappa_percorso_1591.png
1686,2877,mappa_percorso_2877.png
1687,5460,mappa_percorso_5460.png
1688,4976,mappa_percorso_4976.png
1689,1031,mappa_percorso_1031.png
1690,4559,mappa_percorso_4559.png
1691,1438,mappa_percorso_1438.png
1692,337,mappa_percorso_337.png
1693,234,mappa_percorso_234.png
1694,3764,mappa_percorso_3764.png
1695,2968,mappa_percorso_2968.png
1696,2546,mappa_percorso_2546.png
1697,2097,mappa_percorso_2097.png
1698,2550,mappa_percorso_2550.png
1699,33,mappa_percorso_33.png
1700,888,mappa_percorso_888.png
1701,5333,mappa_percorso_5333.png
1702,2572,mappa_percorso_2572.png
1703,5293,mappa_percorso_5293.png
1704,4349,mappa_percorso_4349.png
1705,4536,mappa_percorso_4536.png
1706,2092,mappa_percorso_2092.png
1707,5105,mappa_percorso_5105.png
1708,3235,mappa_percorso_3235.png
1709,5244,mappa_percorso_5244.png
1710,4226,mappa_percorso_4226.png
1711,5169,mappa_percorso_5169.png
1712,3079,mappa_percorso_3079.png
1713,5919,mappa_percorso_5919.png
1714,5334,mappa_percorso_5334.png
1715,5380,mappa_percorso_5380.png
1716,5278,mappa_percorso_5278.png
1717,2792,mappa_percorso_2792.png
1718,825,mappa_percorso_825.png
1719,3407,mappa_percorso_3407.png
1720,5377,mappa_percorso_5377.png
1721,2102,mappa_percorso_2102.png
1722,3080,mappa_percorso_3080.png
1723,2023,mappa_percorso_2023.png
1724,215,mappa_percorso_215.png
1725,5280,mappa_percorso_5280.png
1726,2753,mappa_percorso_2753.png
1727,2104,mappa_percorso_2104.png
1728,2089,mappa_percorso_2089.png
1729,2087,mappa_percorso_2087.png
1730,2088,mappa_percorso_2088.png
1731,2081,mappa_percorso_2081.png
1732,2091,mappa_percorso_2091.png
1733,2078,mappa_percorso_2078.png
1734,2126,mappa_percorso_2126.png
1735,5376,mappa_percorso_5376.png
1736,1518,mappa_percorso_1518.png
1737,6120,mappa_percorso_6120.png
1738,1399,mappa_percorso_1399.png
1739,6097,mappa_percorso_6097.png
1740,835,mappa_percorso_835.png
1741,5960,mappa_percorso_5960.png
1742,2887,mappa_percorso_2887.png
1743,4452,mappa_percorso_4452.png
1744,464,mappa_percorso_464.png
1745,1486,mappa_percorso_1486.png
1746,2992,mappa_percorso_2992.png
1747,1906,mappa_percorso_1906.png
1748,3469,mappa_percorso_3469.png
1749,5835,mappa_percorso_5835.png
1750,1957,mappa_percorso_1957.png
1751,2084,mappa_percorso_2084.png
1752,104,mappa_percorso_104.png
1753,2976,mappa_percorso_2976.png
1754,2971,mappa_percorso_2971.png
1755,2793,mappa_percorso_2793.png
1756,5230,mappa_percorso_5230.png
1757,5289,mappa_percorso_5289.png
1758,4638,mappa_percorso_4638.png
1759,4989,mappa_percorso_4989.png
1760,3390,mappa_percorso_3390.png
1761,2787,mappa_percorso_2787.png
1762,4271,mappa_percorso_4271.png
1763,5786,mappa_percorso_5786.png
1764,6138,mappa_percorso_6138.png
1765,2032,mappa_percorso_2032.png
1766,1660,mappa_percorso_1660.png
1767,51,mappa_percorso_51.png
1768,5915,mappa_percorso_5915.png
1769,1516,mappa_percorso_1516.png
1770,1792,mappa_percorso_1792.png
1771,3091,mappa_percorso_3091.png
1772,193,mappa_percorso_193.png
1773,6107,mappa_percorso_6107.png
1774,1515,mappa_percorso_1515.png
1775,2674,mappa_percorso_2674.png
1776,5781,mappa_percorso_5781.png
1777,2896,mappa_percorso_2896.png
1778,3926,mappa_percorso_3926.png
1779,714,mappa_percorso_714.png
1780,2271,mappa_percorso_2271.png
1781,5597,mappa_percorso_5597.png
1782,2861,mappa_percorso_2861.png
1783,1790,mappa_percorso_1790.png
1784,5025,mappa_percorso_5025.png
1785,1477,mappa_percorso_1477.png
1786,2201,mappa_percorso_2201.png
1787,3898,mappa_percorso_3898.png
1788,2381,mappa_percorso_2381.png
1789,364,mappa_percorso_364.png
1790,4070,mappa_percorso_4070.png
1791,6111,mappa_percorso_6111.png
1792,6054,mappa_percorso_6054.png
1793,5305,mappa_percorso_5305.png
1794,5112,mappa_percorso_5112.png
1795,3559,mappa_percorso_3559.png
1796,2288,mappa_percorso_2288.png
1797,1252,mappa_percorso_1252.png
1798,1597,mappa_percorso_1597.png
1799,569,mappa_percorso_569.png
1800,2444,mappa_percorso_2444.png
1801,2291,mappa_percorso_2291.png
1802,3676,mappa_percorso_3676.png
1803,653,mappa_percorso_653.png
1804,6205,mappa_percorso_6205.png
1805,1727,mappa_percorso_1727.png
1806,785,mappa_percorso_785.png
1807,2341,mappa_percorso_2341.png
1808,3017,mappa_percorso_3017.png
1809,1882,mappa_percorso_1882.png
1810,5584,mappa_percorso_5584.png
1811,5152,mappa_percorso_5152.png
1812,1218,mappa_percorso_1218.png
1813,4069,mappa_percorso_4069.png
1814,1204,mappa_percorso_1204.png
1815,4189,mappa_percorso_4189.png
1816,4190,mappa_percorso_4190.png
1817,4191,mappa_percorso_4191.png
1818,4192,mappa_percorso_4192.png
1819,5344,mappa_percorso_5344.png
1820,4193,mappa_percorso_4193.png
1821,1103,mappa_percorso_1103.png
1822,1643,mappa_percorso_1643.png
1823,1641,mappa_percorso_1641.png
1824,5464,mappa_percorso_5464.png
1825,1509,mappa_percorso_1509.png
1826,3408,mappa_percorso_3408.png
1827,1621,mappa_percorso_1621.png
1828,1747,mappa_percorso_1747.png
1829,2443,mappa_percorso_2443.png
1830,2252,mappa_percorso_2252.png
1831,3083,mappa_percorso_3083.png
1832,5182,mappa_percorso_5182.png
1833,1965,mappa_percorso_1965.png
1834,3415,mappa_percorso_3415.png
1835,2818,mappa_percorso_2818.png
1836,1348,mappa_percorso_1348.png
1837,1166,mappa_percorso_1166.png
1838,5459,mappa_percorso_5459.png
1839,4185,mappa_percorso_4185.png
1840,4184,mappa_percorso_4184.png
1841,1669,mappa_percorso_1669.png
1842,4178,mappa_percorso_4178.png
1843,4176,mappa_percorso_4176.png
1844,4413,mappa_percorso_4413.png
1845,3671,mappa_percorso_3671.png
1846,2472,mappa_percorso_2472.png
1847,2473,mappa_percorso_2473.png
1848,3618,mappa_percorso_3618.png
1849,3547,mappa_percorso_3547.png
1850,1559,mappa_percorso_1559.png
1851,1560,mappa_percorso_1560.png
1852,1275,mappa_percorso_1275.png
1853,1271,mappa_percorso_1271.png
1854,2286,mappa_percorso_2286.png
1855,1355,mappa_percorso_1355.png
1856,150,mappa_percorso_150.png
1857,612,mappa_percorso_612.png
1858,145,mappa_percorso_145.png
1859,4751,mappa_percorso_4751.png
1860,492,mappa_percorso_492.png
1861,1750,mappa_percorso_1750.png
1862,3533,mappa_percorso_3533.png
1863,4051,mappa_percorso_4051.png
1864,5872,mappa_percorso_5872.png
1865,2754,mappa_percorso_2754.png
1866,186,mappa_percorso_186.png
1867,2746,mappa_percorso_2746.png
1868,1470,mappa_percorso_1470.png
1869,28,mappa_percorso_28.png
1870,2574,mappa_percorso_2574.png
1871,1330,mappa_percorso_1330.png
1872,134,mappa_percorso_134.png
1873,523,mappa_percorso_523.png
1874,531,mappa_percorso_531.png
1875,5986,mappa_percorso_5986.png
1876,690,mappa_percorso_690.png
1877,4416,mappa_percorso_4416.png
1878,5814,mappa_percorso_5814.png
1879,1970,mappa_percorso_1970.png
1880,2967,mappa_percorso_2967.png
1881,5068,mappa_percorso_5068.png
1882,176,mappa_percorso_176.png
1883,4958,mappa_percorso_4958.png
1884,5039,mappa_percorso_5039.png
1885,4950,mappa_percorso_4950.png
1886,4954,mappa_percorso_4954.png
1887,5049,mappa_percorso_5049.png
1888,5065,mappa_percorso_5065.png
1889,4948,mappa_percorso_4948.png
1890,2788,mappa_percorso_2788.png
1891,1436,mappa_percorso_1436.png
1892,3962,mappa_percorso_3962.png
1893,1767,mappa_percorso_1767.png
1894,323,mappa_percorso_323.png
1895,6079,mappa_percorso_6079.png
1896,1236,mappa_percorso_1236.png
1897,1244,mappa_percorso_1244.png
1898,1632,mappa_percorso_1632.png
1899,2678,mappa_percorso_2678.png
1900,1737,mappa_percorso_1737.png
1901,5450,mappa_percorso_5450.png
1902,3625,mappa_percorso_3625.png
1903,5326,mappa_percorso_5326.png
1904,3842,mappa_percorso_3842.png
1905,429,mappa_percorso_429.png
1906,2228,mappa_percorso_2228.png
1907,4050,mappa_percorso_4050.png
1908,2883,mappa_percorso_2883.png
1909,1433,mappa_percorso_1433.png
1910,1962,mappa_percorso_1962.png
1911,6007,mappa_percorso_6007.png
1912,6002,mappa_percorso_6002.png
1913,6005,mappa_percorso_6005.png
1914,678,mappa_percorso_678.png
1915,666,mappa_percorso_666.png
1916,6008,mappa_percorso_6008.png
1917,667,mappa_percorso_667.png
1918,679,mappa_percorso_679.png
1919,6087,mappa_percorso_6087.png
1920,5996,mappa_percorso_5996.png
1921,6009,mappa_percorso_6009.png
1922,473,mappa_percorso_473.png
1923,1932,mappa_percorso_1932.png
1924,3002,mappa_percorso_3002.png
1925,2881,mappa_percorso_2881.png
1926,827,mappa_percorso_827.png
1927,3434,mappa_percorso_3434.png
1928,5296,mappa_percorso_5296.png
1929,5462,mappa_percorso_5462.png
1930,3525,mappa_percorso_3525.png
1931,2637,mappa_percorso_2637.png
1932,2982,mappa_percorso_2982.png
1933,1940,mappa_percorso_1940.png
1934,952,mappa_percorso_952.png
1935,950,mappa_percorso_950.png
1936,3160,mappa_percorso_3160.png
1937,1329,mappa_percorso_1329.png
1938,1267,mappa_percorso_1267.png
1939,175,mappa_percorso_175.png
1940,2285,mappa_percorso_2285.png
1941,2886,mappa_percorso_2886.png
1942,1274,mappa_percorso_1274.png
1943,5137,mappa_percorso_5137.png
1944,417,mappa_percorso_417.png
1945,2903,mappa_percorso_2903.png
1946,3862,mappa_percorso_3862.png
1947,1536,mappa_percorso_1536.png
1948,4921,mappa_percorso_4921.png
1949,6017,mappa_percorso_6017.png
1950,5942,mappa_percorso_5942.png
1951,3527,mappa_percorso_3527.png
1952,3420,mappa_percorso_3420.png
1953,1387,mappa_percorso_1387.png
1954,1417,mappa_percorso_1417.png
1955,1517,mappa_percorso_1517.png
1956,1478,mappa_percorso_1478.png
1957,1146,mappa_percorso_1146.png
1958,1106,mappa_percorso_1106.png
1959,1665,mappa_percorso_1665.png
1960,1142,mappa_percorso_1142.png
1961,5802,mappa_percorso_5802.png
1962,1331,mappa_percorso_1331.png
1963,2166,mappa_percorso_2166.png
1964,2417,mappa_percorso_2417.png
1965,2167,mappa_percorso_2167.png
1966,6071,mappa_percorso_6071.png
1967,237,mappa_percorso_237.png
1968,811,mappa_percorso_811.png
1969,2863,mappa_percorso_2863.png
1970,2927,mappa_percorso_2927.png
1971,2770,mappa_percorso_2770.png
1972,2810,mappa_percorso_2810.png
1973,5008,mappa_percorso_5008.png
1974,969,mappa_percorso_969.png
1975,1673,mappa_percorso_1673.png
1976,1674,mappa_percorso_1674.png
1977,2335,mappa_percorso_2335.png
1978,5493,mappa_percorso_5493.png
1979,3792,mappa_percorso_3792.png
1980,3788,mappa_percorso_3788.png
1981,1228,mappa_percorso_1228.png
1982,2188,mappa_percorso_2188.png
1983,5865,mappa_percorso_5865.png
1984,2334,mappa_percorso_2334.png
1985,6163,mappa_percorso_6163.png
1986,2459,mappa_percorso_2459.png
1987,5978,mappa_percorso_5978.png
1988,3795,mappa_percorso_3795.png
1989,3794,mappa_percorso_3794.png
1990,3791,mappa_percorso_3791.png
1991,3075,mappa_percorso_3075.png
1992,4003,mappa_percorso_4003.png
1993,1600,mappa_percorso_1600.png
1994,1527,mappa_percorso_1527.png
1995,3090,mappa_percorso_3090.png
1996,1238,mappa_percorso_1238.png
1997,1237,mappa_percorso_1237.png
1998,635,mappa_percorso_635.png
1999,3370,mappa_percorso_3370.png
2000,6121,mappa_percorso_6121.png
